{
    "tasks": [
        {
            "id": "fc481c92-8008-4872-ae36-a79392e3026c",
            "User": "admin",
            "Titel": "New Task",
            "Beschreibung": "This is a new task",
            "Erstelldatum": null,
            "Erfülldatum": null
        },
        {
            "id": "775710be-b7a9-425d-bc2c-f75fee4157c8",
            "User": "admin",
            "Titel": "New Task",
            "Beschreibung": "This is a new task",
            "Erstellungsdatum": "2023-06-10",
            "Erfüllungsdatum": "2023-06-15"
        },
        {
            "id": "6d895dd7-0ed6-4975-81f7-cb8154449334",
            "User": "admin",
            "Titel": "New Task",
            "Beschreibung": "This is a new task",
            "Erstellungsdatum": "2023-06-10",
            "Erfüllungsdatum": "2023-06-15"
        },
        {
            "id": "9cdf71b6-58c6-43fb-94d3-5541102f65ef",
            "User": "admin",
            "Titel": "New Task",
            "Beschreibung": "This is a new task",
            "Erstellungsdatum": "2023-06-10",
            "Erfüllungsdatum": "2023-06-15"
        },
        {
            "id": "dcfc48ad-704a-45d4-9d0e-5a1d431f69ca",
            "User": "admin",
            "Titel": "New Task",
            "Beschreibung": "This is a new task",
            "Erstellungsdatum": "2023-06-10",
            "Erfüllungsdatum": "2023-06-15"
        },
        {
            "id": "4e4a2638-acd8-4a91-b195-e675daafc5d3",
            "User": "admin",
            "Titel": "New Task",
            "Beschreibung": "This is a new task",
            "Erstellungsdatum": "2023-06-10",
            "Erfüllungsdatum": "2023-06-15"
        },
        {
            "id": "6ce8b467-b911-4d39-9605-808bb31e7923",
            "User": "admin",
            "Titel": "New Task",
            "Beschreibung": "This is a new task",
            "Erstellungsdatum": "2023-06-10",
            "Erfüllungsdatum": "2023-06-15"
        },
        {
            "id": "c4b6592e-1e19-4b9b-8725-5cec11d87d5f",
            "User": "admin",
            "Titel": "New Task",
            "Beschreibung": "This is a new task",
            "Erstellungsdatum": "2023-06-10",
            "Erfüllungsdatum": "2023-06-15"
        },
        {
            "id": "a8425052-95ad-4446-9389-e02b8980d104",
            "User": "admin",
            "Titel": "New Task",
            "Beschreibung": "This is a new task",
            "Erstellungsdatum": "2023-06-10",
            "Erfüllungsdatum": "2023-06-15"
        },
        {
            "id": "dfb236a4-7bfd-4663-846e-172adcc16d0d",
            "User": "admin",
            "Titel": "New Task",
            "Beschreibung": "This is a new task",
            "Erstellungsdatum": "2023-06-10",
            "Erfüllungsdatum": "2023-06-15"
        },
        {
            "id": "338d8928-cef3-4c6f-acd1-ed0bbd589e28",
            "User": "admin",
            "Titel": "New Task",
            "Beschreibung": "This is a new task",
            "Erstellungsdatum": "2023-06-10",
            "Erfüllungsdatum": "2023-06-15"
        },
        {
            "id": "00e114d0-3770-45b5-8f39-cf41ab258148",
            "User": "admin",
            "Titel": "New Task",
            "Beschreibung": "This is a new task",
            "Erstellungsdatum": "2023-06-10",
            "Erfüllungsdatum": "2023-06-15"
        },
        {
            "id": "bdb4136b-ea05-4c2a-b630-776ed5fcbefe",
            "User": "user",
            "Titel": "New Task by user",
            "Beschreibung": "User shittbeschreibung",
            "Erstellungsdatum": "2027-06-10",
            "Erfüllungsdatum": "2027-06-15"
        },
        {
            "id": "7349550c-8ae1-4088-ac79-c621acf987db",
            "User": "user",
            "Titel": "New Task by user",
            "Beschreibung": "User shittbeschreibung",
            "Erstellungsdatum": "2027-06-10",
            "Erfüllungsdatum": "2027-06-15"
        },
        {
            "id": "3f17ad87-a054-400b-87ef-42bbdd14ff36",
            "User": "user",
            "Titel": "New Task by user",
            "Beschreibung": "User shittbeschreibung",
            "Erstellungsdatum": "2027-06-10",
            "Erfüllungsdatum": "2027-06-15"
        },
        {
            "id": "a9b273c0-959c-4578-86a9-5da1f02393d2",
            "User": "user",
            "Titel": "New Task by user",
            "Beschreibung": "User shittbeschreibung",
            "Erstellungsdatum": "2027-06-10",
            "Erfüllungsdatum": "2027-06-15"
        },
        {
            "id": "c37c590d-4c18-407e-a1bf-3072bdbe8e84",
            "User": "user",
            "Titel": "New Task by user",
            "Beschreibung": "User shittbeschreibung",
            "Erstellungsdatum": "2027-06-10",
            "Erfüllungsdatum": "2027-06-15"
        },
        {
            "id": "fcdb9034-509e-4c9e-94a2-c83c2448c8a7",
            "User": "user",
            "Titel": "New Task by user",
            "Beschreibung": "User shittbeschreibung",
            "Erstellungsdatum": "2027-06-10",
            "Erfüllungsdatum": "2027-06-15"
        },
        {
            "id": "a6953328-5d56-47ee-bf41-bb295a26c7ac",
            "User": "m295",
            "Titel": "New Task",
            "Beschreibung": "This is a new task",
            "Erstellungsdatum": "2023-06-10",
            "Erfüllungsdatum": "2023-06-15"
        },
        {
            "id": "e6bd8e5b-c4a6-4178-9fe1-2eb5d0395df5",
            "User": "m295",
            "Titel": "New Task",
            "Beschreibung": "This is a new task",
            "Erstellungsdatum": "2023-06-10",
            "Erfüllungsdatum": "2023-06-15"
        },
        {
            "id": "b52fa972-b2bf-46a9-8b6d-f9bee230711c",
            "User": "m295",
            "Titel": "New Task",
            "Beschreibung": "This is a new task",
            "Erstellungsdatum": "2023-06-10",
            "Erfüllungsdatum": "2023-06-15"
        },
        {
            "id": "3ec09e4c-d95d-4989-b7ad-13e190af21ac",
            "User": "m295",
            "Titel": "New Task",
            "Beschreibung": "This is a new task",
            "Erstellungsdatum": "2023-06-10",
            "Erfüllungsdatum": "2023-06-15"
        },
        {
            "id": "3f99ef1c-8d5f-4d6c-9e9a-863e60387dfb",
            "User": "m295",
            "Titel": "New Task",
            "Beschreibung": "This is a new task",
            "Erstellungsdatum": "2023-06-10",
            "Erfüllungsdatum": "2023-06-15"
        },
        {
            "id": "8da3a1c5-dde5-4eae-b647-435ade9194fb",
            "User": "m295",
            "Titel": "New Task",
            "Beschreibung": "This is a new task",
            "Erstellungsdatum": "2023-06-10",
            "Erfüllungsdatum": "2023-06-15"
        },
        {
            "id": "2a374f71-c96f-41a2-9b53-c886fab49b8c",
            "User": "m295",
            "Titel": "New Task",
            "Beschreibung": "This is a new task",
            "Erstellungsdatum": "2023-06-10",
            "Erfüllungsdatum": "2023-06-15"
        },
        {
            "id": "e77f7b50-a93d-48ab-ab69-5e65f988dff0",
            "User": "user",
            "Titel": "New Task",
            "Beschreibung": "This is a new task",
            "Erstellungsdatum": "2023-06-10",
            "Erfüllungsdatum": "2023-06-15"
        },
        {
            "id": "bfb8d4ec-7cc9-481b-9d6e-2b1bdc22d56e",
            "User": "m295",
            "Titel": "New Task",
            "Beschreibung": "This is a new task",
            "Erstellungsdatum": "2023-06-10",
            "Erfüllungsdatum": "2023-06-15"
        },
        {
            "id": "ddbbf0d5-b503-4d6f-978d-db52e2785613",
            "User": "m295",
            "Titel": "New Task",
            "Beschreibung": "This is a new task",
            "Erstellungsdatum": "2023-06-10",
            "Erfüllungsdatum": "2023-06-15"
        },
        {
            "id": "270a0211-5fff-4769-8ec3-b26a3d48fbde",
            "User": "m295",
            "Titel": "New Task",
            "Beschreibung": "This is a new task",
            "Erstellungsdatum": "2023-06-10",
            "Erfüllungsdatum": "2023-06-15"
        },
        {
            "id": "40eeabbc-96bb-4332-8f8d-b43adf5b35b9",
            "User": "user",
            "Titel": "New Task",
            "Beschreibung": "This is a new task",
            "Erstellungsdatum": "2023-06-10",
            "Erfüllungsdatum": "2023-06-15"
        },
        {
            "id": "e73dfa0c-91d2-47db-b90a-dd14989c7869",
            "User": "user",
            "Titel": "New Task",
            "Beschreibung": "This is a new task",
            "Erstellungsdatum": "2023-06-10",
            "Erfüllungsdatum": "2023-06-15"
        },
        {
            "id": "d29d3c46-c41f-493a-8dfe-1d820dc75036",
            "User": "m295",
            "Titel": "New Task",
            "Beschreibung": "This is a new task",
            "Erstellungsdatum": "2023-06-10",
            "Erfüllungsdatum": "2023-06-15"
        },
        {
            "id": "093b8ad1-9ba7-46f0-a083-4e977c09ad9b",
            "User": "m295",
            "Titel": "New Task",
            "Beschreibung": "This is a new task",
            "Erstellungsdatum": "2023-06-10",
            "Erfüllungsdatum": "2023-06-15"
        },
        {
            "id": "271c43bf-fac0-407b-ad17-5258814e1f8c",
            "User": "m295",
            "Titel": "New Task",
            "Beschreibung": "This is a new task",
            "Erstellungsdatum": "2023-06-10",
            "Erfüllungsdatum": "2023-06-15"
        },
        {
            "id": "9a22f3f7-7bba-42f4-9e1a-46b7fa2610b5",
            "User": "m295",
            "Titel": "New Task",
            "Beschreibung": "This is a new task",
            "Erstellungsdatum": "2023-06-10",
            "Erfüllungsdatum": "2023-06-15"
        },
        {
            "id": "83124a4a-4a86-403f-9f85-c6f2fe0a45e4",
            "User": "m295",
            "Titel": "New Task",
            "Beschreibung": "This is a new task",
            "Erstellungsdatum": "2023-06-10",
            "Erfüllungsdatum": "2023-06-15"
        },
        {
            "id": "9fbd9fc5-f681-4f7f-ab2f-3802d521ff14",
            "User": "m295",
            "Titel": "New Task",
            "Beschreibung": "This is a new task",
            "Erstellungsdatum": "2023-06-10",
            "Erfüllungsdatum": "2023-06-15"
        },
        {
            "id": "24b4dc58-41e1-40a9-8fce-2c78eca3b763",
            "User": "m295",
            "Titel": "New Task",
            "Beschreibung": "This is a new task",
            "Erstellungsdatum": "2023-06-10",
            "Erfüllungsdatum": "2023-06-15"
        },
        {
            "id": "b43b2070-447d-4397-941d-edcd683e2064",
            "User": "m295",
            "Titel": "New Task",
            "Beschreibung": "This is a new task",
            "Erstellungsdatum": "2023-06-10",
            "Erfüllungsdatum": "2023-06-15"
        },
        {
            "id": "9c0319a0-374b-4b95-a2d9-200d3abd2b38",
            "User": "m295",
            "Titel": "New Task",
            "Beschreibung": "This is a new task",
            "Erstellungsdatum": "2023-06-10",
            "Erfüllungsdatum": "2023-06-15"
        },
        {
            "id": "3b6b5d99-cc0b-4369-9f0c-df2145ac97f3",
            "User": "m295",
            "Titel": "New Task",
            "Beschreibung": "This is a new task",
            "Erstellungsdatum": "2023-06-10",
            "Erfüllungsdatum": "2023-06-15"
        },
        {
            "id": "3b6b5d99-cc0b-4369-9f0c-df2145ac97f3",
            "User": "m295",
            "Titel": "New Task",
            "Beschreibung": "This is a new task",
            "Erstellungsdatum": "2023-06-10",
            "Erfüllungsdatum": "2023-06-15"
        },
        {
            "id": "8ae56437-73e2-42fb-8f7e-156e276d5c3f",
            "User": "m295",
            "Titel": "New Task",
            "Beschreibung": "This is a new task",
            "Erstellungsdatum": "2023-06-10",
            "Erfüllungsdatum": "2023-06-15"
        }
    ]
}