{
	"info": {
		"_postman_id": "258b442c-dfb4-49eb-8ecf-96df675c15dd",
		"name": "m295_lbb",
		"schema": "https://schema.getpostman.com/json/collection/v2.1.0/collection.json"
	},
	"item": [
		{
			"name": "post login",
			"event": [
				{
					"listen": "test",
					"script": {
						"exec": [
							"pm.test(\"Status code is 200\", function () {\r",
							"    pm.response.to.have.status(200);\r",
							"});"
						],
						"type": "text/javascript"
					}
				}
			],
			"request": {
				"method": "POST",
				"header": [],
				"body": {
					"mode": "raw",
					"raw": "{\r\n    \"email\": \"m295\",\r\n    \"password\": \"m295\"\r\n}",
					"options": {
						"raw": {
							"language": "json"
						}
					}
				},
				"url": {
					"raw": "localhost:3000/login",
					"host": [
						"localhost"
					],
					"port": "3000",
					"path": [
						"login"
					]
				}
			},
			"response": []
		},
		{
			"name": "get verify",
			"event": [
				{
					"listen": "test",
					"script": {
						"exec": [
							"pm.test(\"Status code is 200\", function () {\r",
							"    pm.response.to.have.status(200);\r",
							"});"
						],
						"type": "text/javascript"
					}
				}
			],
			"request": {
				"method": "GET",
				"header": [],
				"url": {
					"raw": "localhost:3000/verify",
					"host": [
						"localhost"
					],
					"port": "3000",
					"path": [
						"verify"
					]
				}
			},
			"response": []
		},
		{
			"name": "get tasks",
			"event": [
				{
					"listen": "test",
					"script": {
						"exec": [
							"pm.test(\"Status code is 200\", function () {\r",
							"    pm.response.to.have.status(200);\r",
							"});"
						],
						"type": "text/javascript"
					}
				}
			],
			"request": {
				"method": "GET",
				"header": [],
				"url": {
					"raw": "localhost:3000/tasks",
					"host": [
						"localhost"
					],
					"port": "3000",
					"path": [
						"tasks"
					]
				}
			},
			"response": []
		},
		{
			"name": "post tasks",
			"event": [
				{
					"listen": "test",
					"script": {
						"exec": [
							"pm.test(\"Status code is 201\", function () {\r",
							"    pm.response.to.have.status(201);\r",
							"});"
						],
						"type": "text/javascript"
					}
				}
			],
			"request": {
				"method": "POST",
				"header": [],
				"body": {
					"mode": "raw",
					"raw": "{\r\n  \"Titel\": \"New Task\",\r\n  \"Beschreibung\": \"This is a new task\",\r\n  \"Erstellungsdatum\": \"2023-06-10\",\r\n  \"Erfüllungsdatum\": \"2023-06-15\"\r\n}",
					"options": {
						"raw": {
							"language": "json"
						}
					}
				},
				"url": {
					"raw": "localhost:3000/tasks/",
					"host": [
						"localhost"
					],
					"port": "3000",
					"path": [
						"tasks",
						""
					]
				}
			},
			"response": []
		},
		{
			"name": "get tasks by id",
			"event": [
				{
					"listen": "test",
					"script": {
						"exec": [
							"pm.test(\"Status code is 200\", function () {\r",
							"    pm.response.to.have.status(200);\r",
							"});"
						],
						"type": "text/javascript"
					}
				}
			],
			"protocolProfileBehavior": {
				"disableBodyPruning": true
			},
			"request": {
				"method": "GET",
				"header": [],
				"body": {
					"mode": "raw",
					"raw": ""
				},
				"url": {
					"raw": "localhost:3000/tasks/3b6b5d99-cc0b-4369-9f0c-df2145ac97f3",
					"host": [
						"localhost"
					],
					"port": "3000",
					"path": [
						"tasks",
						"3b6b5d99-cc0b-4369-9f0c-df2145ac97f3"
					]
				}
			},
			"response": []
		},
		{
			"name": "put tasks",
			"event": [
				{
					"listen": "test",
					"script": {
						"exec": [
							"pm.test(\"Status code is 200\", function () {\r",
							"    pm.response.to.have.status(200);\r",
							"});"
						],
						"type": "text/javascript"
					}
				}
			],
			"request": {
				"method": "PUT",
				"header": [],
				"body": {
					"mode": "raw",
					"raw": "{\r\n  \"Titel\": \"Updated Task\",\r\n  \"Beschreibung\": \"This task has been updated\",\r\n  \"Erstellungsdatum\": \"2023-06-02\",\r\n  \"Erfüllungsdatum\": \"2023-06-04\"\r\n}\r\n"
				},
				"url": {
					"raw": "localhost:3000/tasks/3b6b5d99-cc0b-4369-9f0c-df2145ac97f3",
					"host": [
						"localhost"
					],
					"port": "3000",
					"path": [
						"tasks",
						"3b6b5d99-cc0b-4369-9f0c-df2145ac97f3"
					]
				}
			},
			"response": []
		},
		{
			"name": "delete tasks",
			"event": [
				{
					"listen": "test",
					"script": {
						"exec": [
							"pm.test(\"Status code is 200\", function () {\r",
							"    pm.response.to.have.status(200);\r",
							"});"
						],
						"type": "text/javascript"
					}
				}
			],
			"request": {
				"method": "DELETE",
				"header": [],
				"url": {
					"raw": "localhost:3000/tasks/3b6b5d99-cc0b-4369-9f0c-df2145ac97f3",
					"host": [
						"localhost"
					],
					"port": "3000",
					"path": [
						"tasks",
						"3b6b5d99-cc0b-4369-9f0c-df2145ac97f3"
					]
				}
			},
			"response": []
		},
		{
			"name": "delete logout",
			"event": [
				{
					"listen": "test",
					"script": {
						"exec": [
							"pm.test(\"Status code is 204\", function () {\r",
							"    pm.response.to.have.status(204);\r",
							"});"
						],
						"type": "text/javascript"
					}
				}
			],
			"request": {
				"method": "DELETE",
				"header": [],
				"url": {
					"raw": "localhost:3000/logout",
					"host": [
						"localhost"
					],
					"port": "3000",
					"path": [
						"logout"
					]
				}
			},
			"response": []
		}
	]
}